nº;semana;dia;data;dia_semana;horário;formato;título;gancho (0-3s);arquivo;status
001;1;1;12/10/2026;seg;08h;GANCHO;Grávida e desempregada: o INSS pode te pagar;Se você está grávida e desempregada, o INSS pode te pagar 4 meses de salário. E quase ninguém te conta isso.;semana-01-basico-e-desempregada.md;a gravar
002;1;1;12/10/2026;seg;12h;CAIXINHA;O que é salário-maternidade e quem tem direito?;"(ler a caixinha) ""'O que é salário-maternidade e quem pode receber?' — Vem que eu te explico em 1 minuto.";semana-01-basico-e-desempregada.md;a gravar
003;1;1;12/10/2026;seg;20h;CASO REAL;Juliana achou que tinha perdido tudo;A Juliana foi demitida no terceiro mês de gravidez e chorou achando que ia ficar sem nada.;semana-01-basico-e-desempregada.md;a gravar
004;1;2;13/10/2026;ter;08h;GANCHO;Você NÃO precisa mais de 10 contribuições;Te falaram que precisa de 10 contribuições pra receber salário-maternidade? Isso caiu.;semana-01-basico-e-desempregada.md;a gravar
005;1;2;13/10/2026;ter;12h;CAIXINHA;Quanto tempo dura o salário-maternidade?;'Quanto tempo eu recebo o salário-maternidade?' — e quando ele começa?;semana-01-basico-e-desempregada.md;a gravar
006;1;2;13/10/2026;ter;20h;CASO REAL;A Carla achou que autônoma não recebia;A Carla quase deixou de receber 4 meses de benefício por causa de uma frase: 'autônoma não tem direito'.;semana-01-basico-e-desempregada.md;a gravar
007;1;3;14/10/2026;qua;08h;GANCHO;5 tipos de mãe que têm direito e não sabem;Cinco tipos de mãe que têm direito ao salário-maternidade e não sabem. A número 5 surpreende.;semana-01-basico-e-desempregada.md;a gravar
008;1;3;14/10/2026;qua;12h;CAIXINHA;Quanto eu vou receber?;'Quanto eu vou receber de salário-maternidade?' Depende de quem você é. Olha só.;semana-01-basico-e-desempregada.md;a gravar
009;1;3;14/10/2026;qua;20h;CASO REAL;A Bruna pediu errado e foi negado;A Bruna tinha direito. Mesmo assim, o INSS negou. Sabe por quê?;semana-01-basico-e-desempregada.md;a gravar
010;1;4;15/10/2026;qui;08h;GANCHO;Seu filho já nasceu há 2 anos? Ainda dá tempo;Seu filho já tem 1, 2, 3 anos e você nunca pediu o salário-maternidade? Ainda pode dar tempo.;semana-01-basico-e-desempregada.md;a gravar
011;1;4;15/10/2026;qui;12h;CAIXINHA;Como pedir pelo Meu INSS?;'Como eu peço o salário-maternidade pelo aplicativo?' Passo a passo, bem simples.;semana-01-basico-e-desempregada.md;a gravar
012;1;4;15/10/2026;qui;20h;CASO REAL;Fernanda descobriu 3 anos depois;A Fernanda descobriu que tinha direito ao salário-maternidade quando o filho dela já tinha 3 anos.;semana-01-basico-e-desempregada.md;a gravar
013;1;5;16/10/2026;sex;08h;GANCHO;A palavra que decide se você recebe ou não;Existe uma palavra que decide se você recebe ou não o salário-maternidade. E quase ninguém sabe o que ela significa.;semana-01-basico-e-desempregada.md;a gravar
014;1;5;16/10/2026;sex;12h;CAIXINHA;Fui demitida grávida: empresa ou INSS paga?;'Fui demitida grávida. Quem paga meu salário-maternidade, a empresa ou o INSS?';semana-01-basico-e-desempregada.md;a gravar
015;1;5;16/10/2026;sex;20h;CASO REAL;Patrícia pediu demissão grávida;A Patrícia pediu demissão grávida. Todo mundo falou que ela tinha jogado fora o direito. Não tinha.;semana-01-basico-e-desempregada.md;a gravar
016;1;6;17/10/2026;sáb;08h;GANCHO;O erro que faz o INSS negar;Esse é o erro número 1 que faz o INSS negar o salário-maternidade.;semana-01-basico-e-desempregada.md;a gravar
017;1;6;17/10/2026;sáb;12h;CAIXINHA;Posso pedir antes do bebê nascer?;'Posso pedir o salário-maternidade antes do bebê nascer?' Pode. Mas presta atenção nisso.;semana-01-basico-e-desempregada.md;a gravar
018;1;6;17/10/2026;sáb;20h;CASO REAL;A Aline perdeu o bebê e não sabia que tinha direito;Esse é um assunto delicado, mas precisa ser falado: a mãe que perde o bebê também tem direitos.;semana-01-basico-e-desempregada.md;a gravar
019;1;7;18/10/2026;dom;08h;GANCHO;Adotou? Você também tem direito;Mãe não é só quem dá à luz. E o INSS também sabe disso.;semana-01-basico-e-desempregada.md;a gravar
020;1;7;18/10/2026;dom;12h;CAIXINHA;Pai pode receber salário-maternidade?;'O pai pode receber salário-maternidade?' Pode, em algumas situações.;semana-01-basico-e-desempregada.md;a gravar
021;1;7;18/10/2026;dom;20h;CASO REAL;A Thaís perdeu o direito por um mês;A Thaís perdeu 4 meses de salário-maternidade por causa de um mês. Um.;semana-01-basico-e-desempregada.md;a gravar
022;2;8;19/10/2026;seg;08h;GANCHO;12, 24 ou 36 meses de proteção;Ficou desempregada? O INSS pode te proteger por 12, 24 ou até 36 meses. Você sabe qual é o seu?;semana-02-gravida-desempregada.md;a gravar
023;2;8;19/10/2026;seg;12h;CAIXINHA;Saí há 10 meses e descobri que estou grávida;'Saí da empresa há 10 meses e descobri que estou grávida. Tenho direito?';semana-02-gravida-desempregada.md;a gravar
024;2;8;19/10/2026;seg;20h;CASO REAL;Larissa e o bebê que nasceu no 11º mês;O bebê da Larissa nasceu 11 meses depois que ela saiu do emprego. E isso salvou o direito dela.;semana-02-gravida-desempregada.md;a gravar
025;2;9;20/10/2026;ter;08h;GANCHO;O seguro-desemprego pode aumentar seu prazo;O seguro-desemprego que você recebeu pode ser o motivo de você ganhar o salário-maternidade.;semana-02-gravida-desempregada.md;a gravar
026;2;9;20/10/2026;ter;12h;CAIXINHA;Nunca trabalhei de carteira, recebo como desempregada?;'Nunca trabalhei de carteira. Posso receber como grávida desempregada?';semana-02-gravida-desempregada.md;a gravar
027;2;9;20/10/2026;ter;20h;CASO REAL;Renata e os 10 anos de carteira;A Renata tinha 10 anos de carteira assinada. E isso valeu 12 meses a mais de proteção.;semana-02-gravida-desempregada.md;a gravar
028;2;10;21/10/2026;qua;08h;GANCHO;Como contar o período de graça sem errar;Vou te ensinar a contar o seu período de graça em 3 passos. Pega papel e caneta.;semana-02-gravida-desempregada.md;a gravar
029;2;10;21/10/2026;qua;12h;CAIXINHA;Fui demitida por justa causa, perdi o direito?;'Fui demitida por justa causa. Perdi o salário-maternidade?';semana-02-gravida-desempregada.md;a gravar
030;2;10;21/10/2026;qua;20h;CASO REAL;Vanessa e o contrato temporário;O contrato temporário da Vanessa acabou quando ela estava grávida de 4 meses.;semana-02-gravida-desempregada.md;a gravar
031;2;11;22/10/2026;qui;08h;GANCHO;Demitida grávida: a empresa pode ter que pagar;Se a empresa te mandou embora grávida, ela pode ter feito um negócio muito caro.;semana-02-gravida-desempregada.md;a gravar
032;2;11;22/10/2026;qui;12h;CAIXINHA;Pedi demissão grávida, tenho direito?;'Pedi demissão grávida. Ainda tenho direito ao salário-maternidade?';semana-02-gravida-desempregada.md;a gravar
033;2;11;22/10/2026;qui;20h;CASO REAL;Daniela e o contrato de experiência;A Daniela foi dispensada no fim do contrato de experiência. Grávida de 2 meses.;semana-02-gravida-desempregada.md;a gravar
034;2;12;23/10/2026;sex;08h;GANCHO;Documentos da grávida desempregada;Se você é grávida desempregada, separa esses documentos hoje. Antes de precisar.;semana-02-gravida-desempregada.md;a gravar
035;2;12;23/10/2026;sex;12h;CAIXINHA;A empresa não recolheu meu INSS;'Minha carteira foi assinada, mas a empresa não pagou o INSS. Perdi o direito?';semana-02-gravida-desempregada.md;a gravar
036;2;12;23/10/2026;sex;20h;CASO REAL;O emprego da Mariana sumiu do CNIS;A Mariana trabalhou 3 anos numa empresa. No INSS, esse emprego simplesmente não existia.;semana-02-gravida-desempregada.md;a gravar
037;2;13;24/10/2026;sáb;08h;GANCHO;O prazo venceu? Ainda tem saída;Seu período de graça vai acabar antes do parto? Ainda tem uma saída. Mas tem que ser agora.;semana-02-gravida-desempregada.md;a gravar
038;2;13;24/10/2026;sáb;12h;CAIXINHA;Trabalhei sem carteira, conta?;'Eu trabalhava sem carteira assinada. Esse tempo conta pro salário-maternidade?';semana-02-gravida-desempregada.md;a gravar
039;2;13;24/10/2026;sáb;20h;CASO REAL;Kelly voltou a contribuir no 5º mês;A Kelly ia perder o salário-maternidade. Ela descobriu isso no quinto mês de gravidez. E deu tempo.;semana-02-gravida-desempregada.md;a gravar
040;2;14;25/10/2026;dom;08h;GANCHO;3 mentiras sobre a grávida desempregada;Três mentiras que contaram pra você sobre grávida desempregada.;semana-02-gravida-desempregada.md;a gravar
041;2;14;25/10/2026;dom;12h;CAIXINHA;Recebo seguro-desemprego e salário-maternidade juntos?;'Estou recebendo seguro-desemprego e o bebê vai nascer. Recebo os dois?';semana-02-gravida-desempregada.md;a gravar
042;2;14;25/10/2026;dom;20h;CASO REAL;Priscila recebeu com o filho de 1 ano e meio;A Priscila recebeu o salário-maternidade quando o filho já estava andando.;semana-02-gravida-desempregada.md;a gravar
043;3;15;26/10/2026;seg;08h;GANCHO;Autônoma: ninguém paga se você não pagar;Autônoma, se você não paga o seu INSS, ninguém vai pagar o seu salário-maternidade.;semana-03-autonoma.md;a gravar
044;3;15;26/10/2026;seg;12h;CAIXINHA;Sou manicure/diarista, como contribuo?;'Sou manicure e diarista. Como eu pago o INSS pra ter salário-maternidade?';semana-03-autonoma.md;a gravar
045;3;15;26/10/2026;seg;20h;CASO REAL;Simone, cabeleireira;A Simone é cabeleireira e ficou 4 meses sem poder atender. Mas a renda não parou.;semana-03-autonoma.md;a gravar
046;3;16;27/10/2026;ter;08h;GANCHO;11% ou 20%: a escolha que muda o valor;A diferença entre receber 1 salário mínimo ou bem mais de salário-maternidade está numa escolha: 11% ou 20%.;semana-03-autonoma.md;a gravar
047;3;16;27/10/2026;ter;12h;CAIXINHA;Como receber mais que 1 salário mínimo?;'Sou autônoma. Quanto preciso pagar pra receber mais que um salário mínimo de salário-maternidade?';semana-03-autonoma.md;a gravar
048;3;16;27/10/2026;ter;20h;CASO REAL;A Tatiane aumentou no último mês;A Tatiane pagou 900 reais de INSS num mês só achando que ia receber muito mais. Não funcionou.;semana-03-autonoma.md;a gravar
049;3;17;28/10/2026;qua;08h;GANCHO;Não deixe pra pagar depois do parto;Autônoma grávida, se você está pensando em pagar o INSS depois que o bebê nascer: para tudo.;semana-03-autonoma.md;a gravar
050;3;17;28/10/2026;qua;12h;CAIXINHA;Paguei o carnê atrasado, vale?;'Paguei o carnê do INSS atrasado. Vale pro salário-maternidade?';semana-03-autonoma.md;a gravar
051;3;17;28/10/2026;qua;20h;CASO REAL;A Eduarda pagou 6 meses de uma vez;A Eduarda pagou seis meses de INSS de uma vez, depois do parto. E o INSS negou.;semana-03-autonoma.md;a gravar
052;3;18;29/10/2026;qui;08h;GANCHO;Presta serviço pra empresa? O INSS pode já estar pago;Se você é autônoma e presta serviço pra empresa, talvez você já esteja pagando o INSS e nem sabe.;semana-03-autonoma.md;a gravar
053;3;18;29/10/2026;qui;12h;CAIXINHA;Trabalho por aplicativo, tenho direito?;'Sou motorista de aplicativo / entregadora. Tenho direito a salário-maternidade?';semana-03-autonoma.md;a gravar
054;3;18;29/10/2026;qui;20h;CASO REAL;Camila, motorista de aplicativo;A Camila dirigiu até o oitavo mês de gravidez porque achava que não ia ter renda depois.;semana-03-autonoma.md;a gravar
055;3;19;30/10/2026;sex;08h;GANCHO;Quantas contribuições a autônoma precisa?;Quantas contribuições a autônoma precisa pra receber salário-maternidade? A resposta mudou.;semana-03-autonoma.md;a gravar
056;3;19;30/10/2026;sex;12h;CAIXINHA;Posso continuar trabalhando enquanto recebo?;'Sou autônoma. Posso continuar atendendo enquanto recebo o salário-maternidade?';semana-03-autonoma.md;a gravar
057;3;19;30/10/2026;sex;20h;CASO REAL;A Luana continuou postando trabalhos;A Luana recebeu o salário-maternidade. E um tempo depois, o INSS mandou uma carta.;semana-03-autonoma.md;a gravar
058;3;20;31/10/2026;sáb;08h;GANCHO;O código errado pode te custar caro;Você paga o INSS todo mês, mas no código errado? Isso pode custar o seu salário-maternidade.;semana-03-autonoma.md;a gravar
059;3;20;31/10/2026;sáb;12h;CAIXINHA;Sou dona de casa e pago como autônoma, tem problema?;'Sou dona de casa, mas pago o INSS como autônoma. Tem problema?';semana-03-autonoma.md;a gravar
060;3;20;31/10/2026;sáb;20h;CASO REAL;A Rosângela pagava no código errado;A Rosângela pagou o INSS por dois anos no código errado. Descobriu só quando pediu o benefício.;semana-03-autonoma.md;a gravar
061;3;21;01/11/2026;dom;08h;GANCHO;Checklist da autônoma antes de engravidar;Autônoma, se você quer engravidar no próximo ano, faz esse checklist hoje.;semana-03-autonoma.md;a gravar
062;3;21;01/11/2026;dom;12h;CAIXINHA;Parei de pagar há 8 meses, ainda sou segurada?;'Sou autônoma e parei de pagar o INSS há 8 meses. Ainda tenho direito?';semana-03-autonoma.md;a gravar
063;3;21;01/11/2026;dom;20h;CASO REAL;Gabriela parou de pagar e ainda estava protegida;A Gabriela parou de pagar o INSS e engravidou. Achou que tinha perdido tudo. Estava enganada.;semana-03-autonoma.md;a gravar
064;4;22;02/11/2026;seg;08h;GANCHO;MEI tem direito a salário-maternidade? Tem. Mas…;MEI tem direito a salário-maternidade? Tem. Mas tem um detalhe que derruba muita gente.;semana-04-contribuinte-individual-mei.md;a gravar
065;4;22;02/11/2026;seg;12h;CAIXINHA;Contribuinte individual e autônoma são a mesma coisa?;'Contribuinte individual e autônoma são a mesma coisa?' Quase. Olha a diferença.;semana-04-contribuinte-individual-mei.md;a gravar
066;4;22;02/11/2026;seg;20h;CASO REAL;Jéssica e o DAS atrasado;A Jéssica era MEI há 5 anos. Mesmo assim, o INSS negou o salário-maternidade dela.;semana-04-contribuinte-individual-mei.md;a gravar
067;4;23;03/11/2026;ter;08h;GANCHO;MEI recebe só 1 salário mínimo?;MEI, você sabia que o seu salário-maternidade é de um salário mínimo, não importa quanto você fature?;semana-04-contribuinte-individual-mei.md;a gravar
068;4;23;03/11/2026;ter;12h;CAIXINHA;Sou sócia de empresa, tenho direito?;'Sou sócia de uma empresa. Tenho direito a salário-maternidade?';semana-04-contribuinte-individual-mei.md;a gravar
069;4;23;03/11/2026;ter;20h;CASO REAL;Natália, sócia sem pró-labore;A Natália é dona de uma clínica que fatura bem. Quando o bebê nasceu, ela descobriu que não tinha salário-maternidade.;semana-04-contribuinte-individual-mei.md;a gravar
070;4;24;04/11/2026;qua;08h;GANCHO;Abriu MEI grávida? Veja se ainda dá tempo;Está grávida e pensando em abrir um MEI pra ter salário-maternidade? Assiste isso antes.;semana-04-contribuinte-individual-mei.md;a gravar
071;4;24;04/11/2026;qua;12h;CAIXINHA;DAS atrasado conta se eu pagar agora?;'Tenho DAS atrasado. Se eu pagar agora, conta pro salário-maternidade?';semana-04-contribuinte-individual-mei.md;a gravar
072;4;24;04/11/2026;qua;20h;CASO REAL;Raquel abriu o MEI no 7º mês;A Raquel abriu o MEI no sétimo mês de gravidez. E recebeu o salário-maternidade.;semana-04-contribuinte-individual-mei.md;a gravar
073;4;25;05/11/2026;qui;08h;GANCHO;Como o INSS calcula o seu benefício;Contribuinte individual, o INSS calcula o seu salário-maternidade assim. E quase ninguém explica.;semana-04-contribuinte-individual-mei.md;a gravar
074;4;25;05/11/2026;qui;12h;CAIXINHA;Sou MEI e CLT, recebo dois?;'Sou MEI e trabalho de carteira assinada. Recebo dois salários-maternidade?';semana-04-contribuinte-individual-mei.md;a gravar
075;4;25;05/11/2026;qui;20h;CASO REAL;Elaine contribuía sobre 3 mil;A Elaine é contribuinte individual e recebeu quase três vezes mais que a amiga dela. O motivo: planejamento.;semana-04-contribuinte-individual-mei.md;a gravar
076;4;26;06/11/2026;sex;08h;GANCHO;CNIS: o extrato que você PRECISA olhar;Antes de pedir o salário-maternidade, você precisa olhar um documento. Se não olhar, pode ser negado.;semana-04-contribuinte-individual-mei.md;a gravar
077;4;26;06/11/2026;sex;12h;CAIXINHA;Como sei se meu DAS foi pago certo?;'Como eu sei se o meu DAS do MEI foi pago certo e caiu no INSS?';semana-04-contribuinte-individual-mei.md;a gravar
078;4;26;06/11/2026;sex;20h;CASO REAL;Os DAS da Cláudia não apareciam;A Cláudia pagou todos os DAS. Mas, pro INSS, ela não tinha pago nada.;semana-04-contribuinte-individual-mei.md;a gravar
079;4;27;07/11/2026;sáb;08h;GANCHO;Doceira, consultora, dona de salão: você pode ser contribuinte individual;Doceira, consultora, dona de salão, professora particular. Você trabalha. Mas está protegida?;semana-04-contribuinte-individual-mei.md;a gravar
080;4;27;07/11/2026;sáb;12h;CAIXINHA;Revendo cosméticos, preciso contribuir?;'Eu revendo cosméticos por catálogo. Preciso contribuir pro INSS pra ter salário-maternidade?';semana-04-contribuinte-individual-mei.md;a gravar
081;4;27;07/11/2026;sáb;20h;CASO REAL;Andreia, a doceira;A Andreia fazia 300 brigadeiros por semana. Quando o bebê nasceu, ela parou tudo. E a renda também.;semana-04-contribuinte-individual-mei.md;a gravar
082;4;28;08/11/2026;dom;08h;GANCHO;3 erros da MEI grávida;Três erros que a MEI grávida comete e que podem custar o salário-maternidade.;semana-04-contribuinte-individual-mei.md;a gravar
083;4;28;08/11/2026;dom;12h;CAIXINHA;Preciso fechar o MEI durante a licença?;'Vou receber o salário-maternidade. Preciso fechar o meu MEI?';semana-04-contribuinte-individual-mei.md;a gravar
084;4;28;08/11/2026;dom;20h;CASO REAL;Sabrina fez tudo certo;A Sabrina recebeu o salário-maternidade em 30 dias, sem nenhuma exigência. Olha o que ela fez.;semana-04-contribuinte-individual-mei.md;a gravar
085;5;29;09/11/2026;seg;08h;GANCHO;Dona de casa grávida também pode receber;Dona de casa, você trabalha muito e ninguém te paga. Mas o INSS pode te pagar 4 meses quando o bebê nascer.;semana-05-facultativa.md;a gravar
086;5;29;09/11/2026;seg;12h;CAIXINHA;O que é contribuinte facultativa?;'O que é contribuinte facultativa? Eu posso ser?';semana-05-facultativa.md;a gravar
087;5;29;09/11/2026;seg;20h;CASO REAL;Michele, dona de casa;O marido da Michele achava que pagar o INSS dela era dinheiro jogado fora. Até o bebê nascer.;semana-05-facultativa.md;a gravar
088;5;30;10/11/2026;ter;08h;GANCHO;Facultativa de 5%: barato, mas cheio de pegadinha;Pagar só 5% de INSS parece ótimo. Mas se você não cumprir esses requisitos, pode perder tudo.;semana-05-facultativa.md;a gravar
089;5;30;10/11/2026;ter;12h;CAIXINHA;Como sei se meus 5% estão validados?;'Eu pago 5% como dona de casa. Como sei se o INSS aceitou as minhas contribuições?';semana-05-facultativa.md;a gravar
090;5;30;10/11/2026;ter;20h;CASO REAL;O CadÚnico da Joana estava vencido;A Joana pagou o INSS por 3 anos. Quando precisou, descobriu que nenhuma contribuição valia.;semana-05-facultativa.md;a gravar
091;5;31;11/11/2026;qua;08h;GANCHO;Facultativa tem só 6 meses de proteção;Facultativa, a sua proteção dura metade do tempo das outras. E isso pode te pegar de surpresa.;semana-05-facultativa.md;a gravar
092;5;31;11/11/2026;qua;12h;CAIXINHA;Parei de pagar o facultativo, ainda tenho direito?;'Eu pagava como facultativa e parei. Ainda tenho direito ao salário-maternidade?';semana-05-facultativa.md;a gravar
093;5;31;11/11/2026;qua;20h;CASO REAL;Ingrid parou no 1º mês de gravidez;A Ingrid parou de pagar o INSS justamente quando descobriu que estava grávida. Foi o pior momento.;semana-05-facultativa.md;a gravar
094;5;32;12/11/2026;qui;08h;GANCHO;Estudante grávida? O INSS pode te pagar 4 meses;Estudante grávida, você sabia que pode receber 4 meses de salário do INSS sem nunca ter trabalhado?;semana-05-facultativa.md;a gravar
095;5;32;12/11/2026;qui;12h;CAIXINHA;Tenho 17 anos, posso contribuir?;'Tenho 17 anos e estou grávida. Posso contribuir pro INSS?';semana-05-facultativa.md;a gravar
096;5;32;12/11/2026;qui;20h;CASO REAL;Yasmin, universitária;A Yasmin quase trancou a faculdade quando engravidou. Quatro meses de benefício mudaram isso.;semana-05-facultativa.md;a gravar
097;5;33;13/11/2026;sex;08h;GANCHO;Facultativa pode pagar atrasado? Quase nunca;Facultativa, esquece essa ideia de pagar o INSS atrasado. Na maioria das vezes, não vale.;semana-05-facultativa.md;a gravar
098;5;33;13/11/2026;sex;12h;CAIXINHA;Comecei a pagar grávida. É golpe?;'Comecei a pagar o INSS já grávida, só pra ter o salário-maternidade. Isso é errado?';semana-05-facultativa.md;a gravar
099;5;33;13/11/2026;sex;20h;CASO REAL;Letícia começou no 6º mês;A Letícia começou a pagar o INSS no sexto mês de gravidez. Três meses depois, recebeu quatro.;semana-05-facultativa.md;a gravar
100;5;34;14/11/2026;sáb;08h;GANCHO;Facultativa ou autônoma: qual é você?;Facultativa ou autônoma? Se você errar essa resposta, o INSS pode negar o seu benefício.;semana-05-facultativa.md;a gravar
101;5;34;14/11/2026;sáb;12h;CAIXINHA;11% ou 20% no facultativo?;'Sou facultativa. Pago 11% ou 20%? Qual é melhor pro salário-maternidade?';semana-05-facultativa.md;a gravar
102;5;34;14/11/2026;sáb;20h;CASO REAL;Cristina pagava 20% sobre 2 mil;A Cristina era dona de casa e recebeu 2 mil reais por mês de salário-maternidade. Como?;semana-05-facultativa.md;a gravar
103;5;35;15/11/2026;dom;08h;GANCHO;Quanto custa garantir seu salário-maternidade?;Quanto custa, por mês, garantir quatro meses de salário-maternidade? Menos do que você imagina.;semana-05-facultativa.md;a gravar
104;5;35;15/11/2026;dom;12h;CAIXINHA;Meu marido trabalha, posso ser facultativa?;'Meu marido trabalha de carteira. Eu, dona de casa, posso ser facultativa?';semana-05-facultativa.md;a gravar
105;5;35;15/11/2026;dom;20h;CASO REAL;Aparecida e o terceiro filho;A Aparecida teve três filhos. Só no terceiro ela descobriu que podia receber salário-maternidade.;semana-05-facultativa.md;a gravar
106;6;36;16/11/2026;seg;08h;GANCHO;Dá pra receber DOIS salários-maternidade ao mesmo tempo;Dá pra receber dois salários-maternidade ao mesmo tempo? Dá. E quase ninguém pede.;semana-06-dois-salarios-maternidade.md;a gravar
107;6;36;16/11/2026;seg;12h;CAIXINHA;Trabalho de carteira e sou MEI, recebo os dois?;'Trabalho de carteira e sou MEI. Recebo os dois salários-maternidade?';semana-06-dois-salarios-maternidade.md;a gravar
108;6;36;16/11/2026;seg;20h;CASO REAL;Paula, professora em duas escolas;A Paula trabalhava em duas escolas. Recebeu a licença de uma. E a outra, sumiu.;semana-06-dois-salarios-maternidade.md;a gravar
109;6;37;17/11/2026;ter;08h;GANCHO;Gêmeos = dois salários-maternidade? NÃO;Teve gêmeos? Sinto te dizer: não são dois salários-maternidade.;semana-06-dois-salarios-maternidade.md;a gravar
110;6;37;17/11/2026;ter;12h;CAIXINHA;Tive gêmeos, a licença é maior?;'Tive gêmeos. A minha licença-maternidade é maior?';semana-06-dois-salarios-maternidade.md;a gravar
111;6;37;17/11/2026;ter;20h;CASO REAL;Tamires e os gêmeos na UTI;Os gêmeos da Tamires ficaram 45 dias na UTI. E a licença dela quase acabou antes de ela levar os bebês pra casa.;semana-06-dois-salarios-maternidade.md;a gravar
112;6;38;18/11/2026;qua;08h;GANCHO;Engravidei de novo logo depois: recebo de novo?;Engravidou de novo logo depois do primeiro bebê? Você pode receber outro salário-maternidade.;semana-06-dois-salarios-maternidade.md;a gravar
113;6;38;18/11/2026;qua;12h;CAIXINHA;Ainda estou recebendo e engravidei, e agora?;'Ainda estou recebendo o salário-maternidade do primeiro e já descobri que estou grávida de novo. E agora?';semana-06-dois-salarios-maternidade.md;a gravar
114;6;38;18/11/2026;qua;20h;CASO REAL;Viviane, dois filhos em 18 meses;A Viviane teve dois filhos em 18 meses. Estava desempregada nos dois partos. E recebeu dois salários-maternidade.;semana-06-dois-salarios-maternidade.md;a gravar
115;6;39;19/11/2026;qui;08h;GANCHO;Dois empregos de carteira: duas licenças;Você tem dois empregos de carteira? Então você tem dois salários-maternidade. Cada empresa paga o seu.;semana-06-dois-salarios-maternidade.md;a gravar
116;6;39;19/11/2026;qui;12h;CAIXINHA;O INSS só me pagou um, e o outro?;'Eu tinha duas atividades, mas só recebi um salário-maternidade. O que eu faço?';semana-06-dois-salarios-maternidade.md;a gravar
117;6;39;19/11/2026;qui;20h;CASO REAL;Débora, enfermeira em dois hospitais;A Débora trabalhava em dois hospitais. Recebeu o salário-maternidade dos dois. E a amiga dela, na mesma situação, recebeu só um.;semana-06-dois-salarios-maternidade.md;a gravar
118;6;40;20/11/2026;sex;08h;GANCHO;Duas atividades autônomas: são dois? Não;Você é manicure e também vende bolo. Duas atividades. Dois salários-maternidade? Não é bem assim.;semana-06-dois-salarios-maternidade.md;a gravar
119;6;40;20/11/2026;sex;12h;CAIXINHA;Preciso fazer dois pedidos?;'Tenho direito a dois salários-maternidade. Faço um pedido ou dois?';semana-06-dois-salarios-maternidade.md;a gravar
120;6;40;20/11/2026;sex;20h;CASO REAL;Lúcia, CLT e fisioterapeuta autônoma;A Lúcia descobriu dois anos depois que tinha um segundo salário-maternidade esperando por ela.;semana-06-dois-salarios-maternidade.md;a gravar
121;6;41;21/11/2026;sáb;08h;GANCHO;Casal de duas mães: as duas recebem?;Casal de duas mães: as duas têm direito à licença-maternidade? O STF respondeu.;semana-06-dois-salarios-maternidade.md;a gravar
122;6;41;21/11/2026;sáb;12h;CAIXINHA;Adotei dois irmãos, recebo dois?;'Adotei dois irmãos ao mesmo tempo. Recebo dois salários-maternidade?';semana-06-dois-salarios-maternidade.md;a gravar
123;6;41;21/11/2026;sáb;20h;CASO REAL;Sílvia e os dois filhos seguidos;A Sílvia teve o segundo filho quando o primeiro tinha 11 meses. Era MEI. E recebeu os dois benefícios.;semana-06-dois-salarios-maternidade.md;a gravar
124;6;42;22/11/2026;dom;08h;GANCHO;Resumo: quando dá e quando NÃO dá pra receber dois;Resumo da semana em 60 segundos: quando dá pra receber dois salários-maternidade, e quando não dá.;semana-06-dois-salarios-maternidade.md;a gravar
125;6;42;22/11/2026;dom;12h;CAIXINHA;Perdi o bebê e engravidei de novo, tenho direito de novo?;'Eu perdi um bebê e depois engravidei de novo. Tenho direito ao salário-maternidade de novo?';semana-06-dois-salarios-maternidade.md;a gravar
126;6;42;22/11/2026;dom;20h;CASO REAL;Rebeca pagava facultativo e trabalhava de carteira;A Rebeca pagou dois anos de INSS extra achando que ia ganhar dois salários-maternidade. Não ganhou.;semana-06-dois-salarios-maternidade.md;a gravar
127;7;43;23/11/2026;seg;08h;GANCHO;O INSS negou? Não desiste;O INSS negou o seu salário-maternidade? Não é o fim. Muitas negativas podem ser revertidas.;semana-07-negativas-erros-mitos.md;a gravar
128;7;43;23/11/2026;seg;12h;CAIXINHA;Negaram por falta de carência, e agora?;'O INSS negou o meu salário-maternidade por falta de carência. E agora?';semana-07-negativas-erros-mitos.md;a gravar
129;7;43;23/11/2026;seg;20h;CASO REAL;Elisa foi negada por carência;A Elisa teve o pedido negado por ter só 4 contribuições. Ela aceitou. E quase perdeu o direito.;semana-07-negativas-erros-mitos.md;a gravar
130;7;44;24/11/2026;ter;08h;GANCHO;Recurso ou ação judicial?;INSS negou: é melhor recorrer no próprio INSS ou ir direto pra Justiça? Depende disso aqui.;semana-07-negativas-erros-mitos.md;a gravar
131;7;44;24/11/2026;ter;12h;CAIXINHA;Quanto tempo o INSS demora pra responder?;'Pedi o salário-maternidade há dois meses e o INSS não responde. Quanto tempo demora?';semana-07-negativas-erros-mitos.md;a gravar
132;7;44;24/11/2026;ter;20h;CASO REAL;Marta esperou 4 meses;A Marta esperou 4 meses pelo INSS. O bebê já tinha 5 meses e nada. Até que ela abriu o aplicativo.;semana-07-negativas-erros-mitos.md;a gravar
133;7;45;25/11/2026;qua;08h;GANCHO;Mito: grávida não pode ser demitida nunca;'Grávida não pode ser demitida.' Isso é meia verdade. E a outra metade pode te prejudicar.;semana-07-negativas-erros-mitos.md;a gravar
134;7;45;25/11/2026;qua;12h;CAIXINHA;Tenho direito se o bebê nasceu sem vida?;Uma pergunta muito difícil, mas que precisa de resposta: 'meu bebê nasceu sem vida. Eu tenho direito ao salário-maternidade?';semana-07-negativas-erros-mitos.md;a gravar
135;7;45;25/11/2026;qua;20h;CASO REAL;Helena voltou a trabalhar 10 dias depois;A Helena perdeu o bebê no oitavo mês. Dez dias depois, voltou a trabalhar. Porque ninguém disse que ela podia descansar.;semana-07-negativas-erros-mitos.md;a gravar
136;7;46;26/11/2026;qui;08h;GANCHO;5 documentos que evitam negativa;Cinco documentos que, se você anexar no pedido, diminuem muito a chance de o INSS negar.;semana-07-negativas-erros-mitos.md;a gravar
137;7;46;26/11/2026;qui;12h;CAIXINHA;Bebê ficou na UTI, a licença começa depois?;'Meu bebê nasceu prematuro e ficou na UTI. A licença começa a contar só quando ele sair?';semana-07-negativas-erros-mitos.md;a gravar
138;7;46;26/11/2026;qui;20h;CASO REAL;Bianca, bebê prematuro;O bebê da Bianca ficou 60 dias na UTI. Pela conta da empresa, ela teria só 2 meses com ele em casa.;semana-07-negativas-erros-mitos.md;a gravar
139;7;47;27/11/2026;sex;08h;GANCHO;Mito: só quem tem carteira assinada recebe;'Salário-maternidade é só pra quem tem carteira assinada.' Essa frase faz milhares de mães perderem dinheiro todo ano.;semana-07-negativas-erros-mitos.md;a gravar
140;7;47;27/11/2026;sex;12h;CAIXINHA;Moro na roça, tenho direito?;'Eu moro na roça e trabalho na lavoura com a minha família. Tenho direito a salário-maternidade?';semana-07-negativas-erros-mitos.md;a gravar
141;7;47;27/11/2026;sex;20h;CASO REAL;Cida, lavradora;A Cida trabalhou na roça desde os 12 anos. O INSS negou o salário-maternidade dela dizendo que ela não provou ser rural.;semana-07-negativas-erros-mitos.md;a gravar
142;7;48;28/11/2026;sáb;08h;GANCHO;Golpe do salário-maternidade;Alguém te ofereceu pra 'liberar' o seu salário-maternidade em troca de uma parte do dinheiro? Cuidado.;semana-07-negativas-erros-mitos.md;a gravar
143;7;48;28/11/2026;sáb;12h;CAIXINHA;Preciso de advogado pra pedir?;'Preciso de advogado pra pedir o salário-maternidade?' Vou ser sincera com você.;semana-07-negativas-erros-mitos.md;a gravar
144;7;48;28/11/2026;sáb;20h;CASO REAL;Sueli deu a senha do gov.br;A Sueli deu a senha do gov.br pra um 'despachante' que prometeu liberar o benefício dela. Ela nunca viu o dinheiro.;semana-07-negativas-erros-mitos.md;a gravar
145;7;49;29/11/2026;dom;08h;GANCHO;O INSS te pagou menos? Confira;O INSS pode ter te pagado menos salário-maternidade do que deveria. E você nem percebeu.;semana-07-negativas-erros-mitos.md;a gravar
146;7;49;29/11/2026;dom;12h;CAIXINHA;Recebo tudo de uma vez ou mês a mês?;'O salário-maternidade cai tudo de uma vez ou mês a mês?';semana-07-negativas-erros-mitos.md;a gravar
147;7;49;29/11/2026;dom;20h;CASO REAL;Roberta recebeu o mínimo, mas deveria receber mais;A Roberta recebeu um salário mínimo de salário-maternidade. Mas ela contribuía sobre quase 4 mil.;semana-07-negativas-erros-mitos.md;a gravar
148;8;50;30/11/2026;seg;08h;QUIZ;Desempregada: tem direito ou não?;Quiz rápido: essa mãe tem direito ao salário-maternidade? Comenta SIM ou NÃO antes da resposta.;semana-08-quiz-e-casos.md;a gravar
149;8;50;30/11/2026;seg;12h;CAIXINHA;Sou desempregada e faço bico, tem problema?;'Estou desempregada, mas faço uns bicos. Isso atrapalha o meu salário-maternidade?';semana-08-quiz-e-casos.md;a gravar
150;8;50;30/11/2026;seg;20h;CASO REAL;Alessandra, 20 meses depois;O bebê da Alessandra nasceu 20 meses depois de ela sair do emprego. Todo mundo disse que não dava. Dava.;semana-08-quiz-e-casos.md;a gravar
151;8;51;01/12/2026;ter;08h;QUIZ;Autônoma: tem direito ou não?;Quiz: essa autônoma tem direito ao salário-maternidade? Responde antes de eu falar.;semana-08-quiz-e-casos.md;a gravar
152;8;51;01/12/2026;ter;12h;CAIXINHA;Sou autônoma e meu marido é CLT. Quem recebe?;'Eu sou autônoma e o meu marido é CLT. Quem recebe o salário-maternidade?';semana-08-quiz-e-casos.md;a gravar
153;8;51;01/12/2026;ter;20h;CASO REAL;Cíntia, diarista, 3 meses antes do parto;A Cíntia é diarista e começou a pagar o INSS três meses antes do parto. Funcionou.;semana-08-quiz-e-casos.md;a gravar
154;8;52;02/12/2026;qua;08h;QUIZ;Facultativa: tem direito ou não?;Quiz da dona de casa: ela tem direito ao salário-maternidade? Comenta antes.;semana-08-quiz-e-casos.md;a gravar
155;8;52;02/12/2026;qua;12h;CAIXINHA;Fui MEI e fechei, ainda tenho direito?;'Eu era MEI e fechei o CNPJ. Ainda tenho direito ao salário-maternidade?';semana-08-quiz-e-casos.md;a gravar
156;8;52;02/12/2026;qua;20h;CASO REAL;Lorena fechou o MEI há 8 meses;A Lorena fechou o MEI quando descobriu a gravidez. E quase perdeu o salário-maternidade por isso.;semana-08-quiz-e-casos.md;a gravar
157;8;53;03/12/2026;qui;08h;QUIZ;Um ou dois salários-maternidade?;Quiz: essa mãe recebe UM ou DOIS salários-maternidade? Comenta 1 ou 2.;semana-08-quiz-e-casos.md;a gravar
158;8;53;03/12/2026;qui;12h;CAIXINHA;Sou servidora e também autônoma, recebo dois?;'Sou servidora pública e também trabalho como autônoma. Recebo duas licenças?';semana-08-quiz-e-casos.md;a gravar
159;8;53;03/12/2026;qui;20h;CASO REAL;Marcela, servidora e psicóloga;A Marcela é servidora pública e psicóloga autônoma. Ela não sabia que tinha um segundo benefício esperando.;semana-08-quiz-e-casos.md;a gravar
160;8;54;04/12/2026;sex;08h;GANCHO;O que eu faria se estivesse grávida hoje sem contribuir;Se eu estivesse grávida hoje, sem contribuir pro INSS, eu faria exatamente isso.;semana-08-quiz-e-casos.md;a gravar
161;8;54;04/12/2026;sex;12h;CAIXINHA;Estou de 8 meses e nunca contribuí, ainda dá?;'Estou de 8 meses e nunca paguei o INSS. Ainda dá tempo?';semana-08-quiz-e-casos.md;a gravar
162;8;54;04/12/2026;sex;20h;CASO REAL;Kátia começou no 8º mês;A Kátia pagou uma única guia do INSS antes do parto. E recebeu o salário-maternidade.;semana-08-quiz-e-casos.md;a gravar
163;8;55;05/12/2026;sáb;08h;GANCHO;Salário-maternidade não é ajuda do governo;Salário-maternidade não é favor, não é ajuda do governo. É um direito que você paga pra ter.;semana-08-quiz-e-casos.md;a gravar
164;8;55;05/12/2026;sáb;12h;CAIXINHA;Recebo Bolsa Família, perco se receber salário-maternidade?;'Recebo Bolsa Família. Se eu receber o salário-maternidade, eu perco o Bolsa Família?';semana-08-quiz-e-casos.md;a gravar
165;8;55;05/12/2026;sáb;20h;CASO REAL;Rose, Bolsa Família e facultativa de 5%;A Rose recebe Bolsa Família e pagava menos de 100 reais de INSS por mês. Quando o bebê nasceu, recebeu mais de 6 mil.;semana-08-quiz-e-casos.md;a gravar
166;8;56;06/12/2026;dom;08h;GANCHO;As 7 perguntas que mais recebi;Depois de 160 vídeos, essas são as sete perguntas que mais recebi. Resposta rápida pra cada uma.;semana-08-quiz-e-casos.md;a gravar
167;8;56;06/12/2026;dom;12h;CAIXINHA;Meu filho fez 5 anos, perdi?;'Meu filho acabou de fazer 5 anos e eu nunca pedi o salário-maternidade. Perdi?';semana-08-quiz-e-casos.md;a gravar
168;8;56;06/12/2026;dom;20h;CASO REAL;Nathalia pediu um mês antes do prazo acabar;A Nathalia pediu o salário-maternidade quando o filho tinha 4 anos e 10 meses. Um pouco mais e teria perdido.;semana-08-quiz-e-casos.md;a gravar
169;9;57;07/12/2026;seg;08h;GANCHO;O que fazer em cada fase da gravidez;Linha do tempo do salário-maternidade: o que você precisa fazer em cada fase da gravidez.;semana-09-fechamento.md;a gravar
170;9;57;07/12/2026;seg;12h;CAIXINHA;O app do INSS não me deixa pedir;'Eu tento pedir o salário-maternidade, mas o aplicativo do INSS não deixa. O que eu faço?';semana-09-fechamento.md;a gravar
171;9;57;07/12/2026;seg;20h;CASO REAL;Ester e a conta gov.br bronze;A Ester tentou pedir o salário-maternidade por três semanas. O problema era uma 'medalha'.;semana-09-fechamento.md;a gravar
172;9;58;08/12/2026;ter;08h;GANCHO;Grávida desempregada: o resumo em 60 segundos;Grávida desempregada: tudo o que você precisa saber, em 60 segundos. Salva.;semana-09-fechamento.md;a gravar
173;9;58;08/12/2026;ter;12h;CAIXINHA;Posso pedir pelo telefone 135?;'Não sei mexer no aplicativo. Posso pedir o salário-maternidade pelo telefone?';semana-09-fechamento.md;a gravar
174;9;58;08/12/2026;ter;20h;CASO REAL;Jaqueline não respondeu a exigência;O INSS pediu um documento pra Jaqueline. Ela tinha 30 dias. Não viu. Perdeu o pedido.;semana-09-fechamento.md;a gravar
175;9;59;09/12/2026;qua;08h;GANCHO;A tabela que resolve tudo;Autônoma, MEI, facultativa, desempregada: a tabela que resolve todas as suas dúvidas. Printa a tela.;semana-09-fechamento.md;a gravar
176;9;59;09/12/2026;qua;12h;CAIXINHA;Dá pra planejar antes de engravidar?;'Estou tentando engravidar. Dá pra fazer algum planejamento pro salário-maternidade?';semana-09-fechamento.md;a gravar
177;9;59;09/12/2026;qua;20h;CASO REAL;Mirela planejou e recebeu o dobro;A Mirela começou a se preparar pro salário-maternidade um ano antes de engravidar. Recebeu o dobro do que receberia.;semana-09-fechamento.md;a gravar
178;9;60;10/12/2026;qui;08h;GANCHO;Se esse vídeo chegou até você…;Se esse vídeo chegou até você, talvez seja porque tem um direito seu esperando.;semana-09-fechamento.md;a gravar
179;9;60;10/12/2026;qui;12h;CAIXINHA RELÂMPAGO;5 respostas em 60 segundos;Caixinha relâmpago: cinco perguntas, cinco respostas, sessenta segundos. Valendo!;semana-09-fechamento.md;a gravar
180;9;60;10/12/2026;qui;20h;HISTÓRIA PESSOAL;Por que eu trabalho com salário-maternidade;Hoje eu não vou contar a história de uma cliente. Vou contar por que eu escolhi trabalhar com isso.;semana-09-fechamento.md;a gravar
